{
	"info": {
		"_postman_id": "59b61b45-d20d-4ed4-bb23-f7d70b1e3b24",
		"name": "camunda",
		"schema": "https://schema.getpostman.com/json/collection/v2.1.0/collection.json"
	},
	"item": [
		{
			"name": "listingProcess",
			"request": {
				"method": "GET",
				"header": [],
				"url": {
					"raw": "localhost:8080/engine-rest/process-definition?latestVersion=true",
					"host": [
						"localhost"
					],
					"port": "8080",
					"path": [
						"engine-rest",
						"process-definition"
					],
					"query": [
						{
							"key": "latestVersion",
							"value": "true"
						}
					]
				},
				"description": "list process"
			},
			"response": []
		},
		{
			"name": "starting process",
			"request": {
				"method": "POST",
				"header": [
					{
						"key": "Content-Type",
						"value": "application/json",
						"type": "text"
					}
				],
				"body": {
					"mode": "raw",
					"raw": "{}",
					"options": {
						"raw": {
							"language": "json"
						}
					}
				},
				"url": {
					"raw": "localhost:8080/engine-rest/process-definition/key/leaveRequest/start",
					"host": [
						"localhost"
					],
					"port": "8080",
					"path": [
						"engine-rest",
						"process-definition",
						"key",
						"leaveRequest",
						"start"
					]
				}
			},
			"response": []
		},
		{
			"name": "list tasks",
			"request": {
				"method": "GET",
				"header": [],
				"url": {
					"raw": "http://localhost:8080/engine-rest/task/",
					"protocol": "http",
					"host": [
						"localhost"
					],
					"port": "8080",
					"path": [
						"engine-rest",
						"task",
						""
					]
				}
			},
			"response": []
		},
		{
			"name": "assign to userId",
			"request": {
				"method": "POST",
				"header": [
					{
						"key": "Content-Type",
						"value": "application/json",
						"type": "text"
					}
				],
				"body": {
					"mode": "raw",
					"raw": "{\"userId\":\"ravik\"}",
					"options": {
						"raw": {
							"language": "json"
						}
					}
				},
				"url": {
					"raw": "http://localhost:8080/engine-rest/task/fdb55726-598e-11eb-a80c-00e04c680d20/claim",
					"protocol": "http",
					"host": [
						"localhost"
					],
					"port": "8080",
					"path": [
						"engine-rest",
						"task",
						"fdb55726-598e-11eb-a80c-00e04c680d20",
						"claim"
					]
				}
			},
			"response": []
		},
		{
			"name": "RequestSubmitToComplete",
			"request": {
				"method": "POST",
				"header": [
					{
						"key": "Content-Type",
						"value": "application/json",
						"type": "text"
					}
				],
				"body": {
					"mode": "raw",
					"raw": "{\"variables\":\n    {\"numberOfDays\": {\"value\": \"2\"}}\n}\n",
					"options": {
						"raw": {
							"language": "json"
						}
					}
				},
				"url": {
					"raw": "http://localhost:8080/engine-rest/task/4d5a4243-5992-11eb-a80c-00e04c680d20/complete",
					"protocol": "http",
					"host": [
						"localhost"
					],
					"port": "8080",
					"path": [
						"engine-rest",
						"task",
						"4d5a4243-5992-11eb-a80c-00e04c680d20",
						"complete"
					]
				}
			},
			"response": []
		},
		{
			"name": "task history",
			"request": {
				"method": "GET",
				"header": [],
				"url": {
					"raw": "http://localhost:8080/engine-rest/history/task",
					"protocol": "http",
					"host": [
						"localhost"
					],
					"port": "8080",
					"path": [
						"engine-rest",
						"history",
						"task"
					]
				}
			},
			"response": []
		}
	],
	"protocolProfileBehavior": {}
}