{
	"info": {
		"_postman_id": "4601c9e3-33b1-4c76-93c8-75c79820e4ba",
		"name": "camunda-authentication",
		"schema": "https://schema.getpostman.com/json/collection/v2.1.0/collection.json"
	},
	"item": [
		{
			"name": "listingProcess Copy",
			"request": {
				"auth": {
					"type": "basic",
					"basic": [
						{
							"key": "password",
							"value": "demo12#",
							"type": "string"
						},
						{
							"key": "username",
							"value": "ravik",
							"type": "string"
						}
					]
				},
				"method": "GET",
				"header": [],
				"url": {
					"raw": "localhost:8080/engine-rest/process-definition?latestVersion=true",
					"host": [
						"localhost"
					],
					"port": "8080",
					"path": [
						"engine-rest",
						"process-definition"
					],
					"query": [
						{
							"key": "latestVersion",
							"value": "true"
						}
					]
				},
				"description": "list process"
			},
			"response": []
		},
		{
			"name": "starting process Copy",
			"request": {
				"auth": {
					"type": "basic",
					"basic": [
						{
							"key": "password",
							"value": "demo12#",
							"type": "string"
						},
						{
							"key": "username",
							"value": "ravik",
							"type": "string"
						}
					]
				},
				"method": "POST",
				"header": [
					{
						"key": "Content-Type",
						"value": "application/json",
						"type": "text"
					}
				],
				"body": {
					"mode": "raw",
					"raw": "{}",
					"options": {
						"raw": {
							"language": "json"
						}
					}
				},
				"url": {
					"raw": "localhost:8080/engine-rest/process-definition/key/leaveRequest/start",
					"host": [
						"localhost"
					],
					"port": "8080",
					"path": [
						"engine-rest",
						"process-definition",
						"key",
						"leaveRequest",
						"start"
					]
				}
			},
			"response": []
		},
		{
			"name": "list tasks Copy",
			"request": {
				"auth": {
					"type": "basic",
					"basic": [
						{
							"key": "password",
							"value": "demo12#",
							"type": "string"
						},
						{
							"key": "username",
							"value": "ravik",
							"type": "string"
						}
					]
				},
				"method": "GET",
				"header": [],
				"url": {
					"raw": "http://localhost:8080/engine-rest/task/",
					"protocol": "http",
					"host": [
						"localhost"
					],
					"port": "8080",
					"path": [
						"engine-rest",
						"task",
						""
					]
				}
			},
			"response": []
		},
		{
			"name": "assign to userId Copy",
			"request": {
				"auth": {
					"type": "basic",
					"basic": [
						{
							"key": "password",
							"value": "demo12#",
							"type": "string"
						},
						{
							"key": "username",
							"value": "ravik",
							"type": "string"
						}
					]
				},
				"method": "POST",
				"header": [
					{
						"key": "Content-Type",
						"value": "application/json",
						"type": "text"
					}
				],
				"body": {
					"mode": "raw",
					"raw": "{\"userId\":\"ravik\"}",
					"options": {
						"raw": {
							"language": "json"
						}
					}
				},
				"url": {
					"raw": "http://localhost:8080/engine-rest/task/ee69b79e-59aa-11eb-b629-00e04c680d20/claim",
					"protocol": "http",
					"host": [
						"localhost"
					],
					"port": "8080",
					"path": [
						"engine-rest",
						"task",
						"ee69b79e-59aa-11eb-b629-00e04c680d20",
						"claim"
					]
				}
			},
			"response": []
		},
		{
			"name": "RequestSubmitToComplete Copy",
			"request": {
				"auth": {
					"type": "basic",
					"basic": [
						{
							"key": "password",
							"value": "demo12#",
							"type": "string"
						},
						{
							"key": "username",
							"value": "ravik",
							"type": "string"
						}
					]
				},
				"method": "POST",
				"header": [
					{
						"key": "Content-Type",
						"value": "application/json",
						"type": "text"
					}
				],
				"body": {
					"mode": "raw",
					"raw": "{\"variables\":\n    {\"numberOfDays\": {\"value\": \"2\"}}\n}\n",
					"options": {
						"raw": {
							"language": "json"
						}
					}
				},
				"url": {
					"raw": "http://localhost:8080/engine-rest/task/ee69b79e-59aa-11eb-b629-00e04c680d20/complete",
					"protocol": "http",
					"host": [
						"localhost"
					],
					"port": "8080",
					"path": [
						"engine-rest",
						"task",
						"ee69b79e-59aa-11eb-b629-00e04c680d20",
						"complete"
					]
				}
			},
			"response": []
		},
		{
			"name": "task history Copy",
			"request": {
				"auth": {
					"type": "basic",
					"basic": [
						{
							"key": "password",
							"value": "demo12#",
							"type": "string"
						},
						{
							"key": "username",
							"value": "ravik",
							"type": "string"
						}
					]
				},
				"method": "GET",
				"header": [],
				"url": {
					"raw": "http://localhost:8080/engine-rest/history/task",
					"protocol": "http",
					"host": [
						"localhost"
					],
					"port": "8080",
					"path": [
						"engine-rest",
						"history",
						"task"
					]
				}
			},
			"response": []
		}
	],
	"protocolProfileBehavior": {}
}